supplier_id,supplier_name,country,contact_email,contract_start
supp_001,Himalayan Traders Pvt Ltd,Nepal,contact@himalayantra1.com,2016-04-01
supp_002,Sagarmatha Suppliers,Nepal,contact@sagarmathasu2.com,2015-04-13
supp_003,Nepal Commerce Hub,Nepal,contact@nepalcommerc3.com,2018-01-31
supp_004,Kathmandu Wholesale Co,Nepal,contact@kathmanduwho4.com,2017-09-30
supp_005,Lumbini Trading House,Nepal,contact@lumbinitradi5.com,2017-07-03
supp_006,Everest Distribution,Nepal,contact@everestdistr6.com,2016-07-25
supp_007,Bagmati Enterprises,Nepal,contact@bagmatienter7.com,2016-02-24
supp_008,Terai Supply Chain,Nepal,contact@teraisupplyc8.com,2021-02-11
supp_009,Koshi Imports Pvt Ltd,Nepal,contact@koshiimports9.com,2015-12-23
supp_010,Gandaki Merchants,Nepal,contact@gandakimerch10.com,2021-08-15
supp_011,Pashupati Traders,Nepal,contact@pashupatitra11.com,2019-09-25
supp_012,Janakpur Trading Co,Nepal,contact@janakpurtrad12.com,2015-05-11
supp_013,Chitwan Bazaar Pvt Ltd,Nepal,contact@chitwanbazaa13.com,2015-05-03
supp_014,Dhaulagiri Suppliers,Nepal,contact@dhaulagirisu14.com,2016-01-19
supp_015,Rapti Wholesale,Nepal,contact@raptiwholesa15.com,2017-06-14
supp_016,Makalu Import Export,Nepal,contact@makaluimport16.com,2017-08-10
supp_017,Langtang Commerce,Nepal,contact@langtangcomm17.com,2020-08-31
supp_018,Annapurna Supply Co,Nepal,contact@annapurnasup18.com,2021-10-01
supp_019,Himalayan Traders Pvt Ltd Branch 2,Nepal,contact@himalayantra19.com,2015-04-19
supp_020,Sagarmatha Suppliers Branch 3,Nepal,contact@sagarmathasu20.com,2021-04-17
supp_021,Nepal Commerce Hub Branch 4,Nepal,contact@nepalcommerc21.com,2017-03-25
supp_022,Kathmandu Wholesale Co Branch 5,Nepal,contact@kathmanduwho22.com,2021-02-10
supp_023,Lumbini Trading House Branch 6,Nepal,contact@lumbinitradi23.com,2019-09-15
supp_024,Everest Distribution Branch 7,Nepal,contact@everestdistr24.com,2017-06-21
supp_025,Bagmati Enterprises Branch 8,Nepal,contact@bagmatienter25.com,2020-01-14
supp_026,Terai Supply Chain Branch 9,Nepal,contact@teraisupplyc26.com,2021-08-10
supp_027,Koshi Imports Pvt Ltd Branch 10,Nepal,contact@koshiimports27.com,2018-02-13
supp_028,Gandaki Merchants Branch 11,Nepal,contact@gandakimerch28.com,2015-01-27
supp_029,Pashupati Traders Branch 12,Nepal,contact@pashupatitra29.com,2016-10-15
supp_030,Janakpur Trading Co Branch 13,Nepal,contact@janakpurtrad30.com,2019-09-28
supp_031,Chitwan Bazaar Pvt Ltd Branch 14,Nepal,contact@chitwanbazaa31.com,2018-10-25
supp_032,Dhaulagiri Suppliers Branch 15,Nepal,contact@dhaulagirisu32.com,2018-02-12
supp_033,Rapti Wholesale Branch 16,Nepal,contact@raptiwholesa33.com,2016-09-28
supp_034,Makalu Import Export Branch 17,Nepal,contact@makaluimport34.com,2017-05-31
supp_035,Langtang Commerce Branch 18,Nepal,contact@langtangcomm35.com,2018-10-10
supp_036,Annapurna Supply Co Branch 19,Nepal,contact@annapurnasup36.com,2016-02-23
supp_037,Himalayan Traders Pvt Ltd Branch 20,Nepal,contact@himalayantra37.com,2016-01-15
supp_038,Sagarmatha Suppliers Branch 21,Nepal,contact@sagarmathasu38.com,2019-04-06
supp_039,Nepal Commerce Hub Branch 22,Nepal,contact@nepalcommerc39.com,2016-02-01
supp_040,Kathmandu Wholesale Co Branch 23,Nepal,contact@kathmanduwho40.com,2019-01-10
supp_041,Lumbini Trading House Branch 24,Nepal,contact@lumbinitradi41.com,2018-11-09
supp_042,Everest Distribution Branch 25,Nepal,contact@everestdistr42.com,2021-10-08
supp_043,Bagmati Enterprises Branch 26,Nepal,contact@bagmatienter43.com,2017-12-19
supp_044,Terai Supply Chain Branch 27,Nepal,contact@teraisupplyc44.com,2015-06-27
supp_045,Koshi Imports Pvt Ltd Branch 28,Nepal,contact@koshiimports45.com,2020-02-25
supp_046,Gandaki Merchants Branch 29,Nepal,contact@gandakimerch46.com,2021-01-05
supp_047,Pashupati Traders Branch 30,Nepal,contact@pashupatitra47.com,2016-05-26
supp_048,Janakpur Trading Co Branch 31,Nepal,contact@janakpurtrad48.com,2019-03-31
supp_049,Chitwan Bazaar Pvt Ltd Branch 32,Nepal,contact@chitwanbazaa49.com,2015-11-19
supp_050,Dhaulagiri Suppliers Branch 33,Nepal,contact@dhaulagirisu50.com,2021-03-11
supp_051,Rapti Wholesale Branch 34,Nepal,contact@raptiwholesa51.com,2018-04-15
supp_052,Makalu Import Export Branch 35,Nepal,contact@makaluimport52.com,2021-12-08
supp_053,Langtang Commerce Branch 36,Nepal,contact@langtangcomm53.com,2019-01-21
supp_054,Annapurna Supply Co Branch 37,Nepal,contact@annapurnasup54.com,2021-06-22
supp_055,Himalayan Traders Pvt Ltd Branch 38,Nepal,contact@himalayantra55.com,2017-02-26
supp_056,Sagarmatha Suppliers Branch 39,Nepal,contact@sagarmathasu56.com,2015-10-12
supp_057,Nepal Commerce Hub Branch 40,Nepal,contact@nepalcommerc57.com,2015-07-07
supp_058,Kathmandu Wholesale Co Branch 41,Nepal,contact@kathmanduwho58.com,2017-07-22
supp_059,Lumbini Trading House Branch 42,Nepal,contact@lumbinitradi59.com,2018-03-31
supp_060,Everest Distribution Branch 43,Nepal,contact@everestdistr60.com,2015-11-23
supp_061,Mumbai Exports Ltd,India,contact@mumbaiexport61.com,2017-08-11
supp_062,Delhi Trading Corp,India,contact@delhitrading62.com,2016-02-18
supp_063,Bangalore Tech Supply,India,contact@bangaloretec63.com,2019-04-06
supp_064,Kolkata Wholesale House,India,contact@kolkatawhole64.com,2018-02-12
supp_065,Chennai Distributors,India,contact@chennaidistr65.com,2020-02-01
supp_066,Hyderabad Commerce,India,contact@hyderabadcom66.com,2019-02-03
supp_067,Rajasthan Traders,India,contact@rajasthantra67.com,2016-10-28
supp_068,Gujarat Supply Chain,India,contact@gujaratsuppl68.com,2019-02-25
supp_069,Punjab Exports Pvt,India,contact@punjabexport69.com,2018-12-26
supp_070,UP Trading Company,India,contact@uptradingcom70.com,2017-05-08
supp_071,Mumbai Exports Ltd Branch 2,India,contact@mumbaiexport71.com,2017-12-29
supp_072,Delhi Trading Corp Branch 3,India,contact@delhitrading72.com,2015-10-20
supp_073,Bangalore Tech Supply Branch 4,India,contact@bangaloretec73.com,2021-10-31
supp_074,Kolkata Wholesale House Branch 5,India,contact@kolkatawhole74.com,2016-12-01
supp_075,Chennai Distributors Branch 6,India,contact@chennaidistr75.com,2020-12-27
supp_076,Hyderabad Commerce Branch 7,India,contact@hyderabadcom76.com,2017-09-29
supp_077,Rajasthan Traders Branch 8,India,contact@rajasthantra77.com,2016-10-31
supp_078,Gujarat Supply Chain Branch 9,India,contact@gujaratsuppl78.com,2020-03-08
supp_079,Punjab Exports Pvt Branch 10,India,contact@punjabexport79.com,2019-04-04
supp_080,UP Trading Company Branch 11,India,contact@uptradingcom80.com,2018-01-10
supp_081,Mumbai Exports Ltd Branch 12,India,contact@mumbaiexport81.com,2021-03-31
supp_082,Delhi Trading Corp Branch 13,India,contact@delhitrading82.com,2017-06-18
supp_083,Bangalore Tech Supply Branch 14,India,contact@bangaloretec83.com,2018-08-21
supp_084,Kolkata Wholesale House Branch 15,India,contact@kolkatawhole84.com,2015-08-18
supp_085,Chennai Distributors Branch 16,India,contact@chennaidistr85.com,2017-07-27
supp_086,Hyderabad Commerce Branch 17,India,contact@hyderabadcom86.com,2015-05-12
supp_087,Rajasthan Traders Branch 18,India,contact@rajasthantra87.com,2018-07-16
supp_088,Gujarat Supply Chain Branch 19,India,contact@gujaratsuppl88.com,2019-07-02
supp_089,Punjab Exports Pvt Branch 20,India,contact@punjabexport89.com,2018-01-01
supp_090,UP Trading Company Branch 21,India,contact@uptradingcom90.com,2015-09-29
supp_091,Mumbai Exports Ltd Branch 22,India,contact@mumbaiexport91.com,2017-05-14
supp_092,Delhi Trading Corp Branch 23,India,contact@delhitrading92.com,2021-05-12
supp_093,Bangalore Tech Supply Branch 24,India,contact@bangaloretec93.com,2018-07-12
supp_094,Kolkata Wholesale House Branch 25,India,contact@kolkatawhole94.com,2017-05-20
supp_095,Chennai Distributors Branch 26,India,contact@chennaidistr95.com,2020-08-06
supp_096,Hyderabad Commerce Branch 27,India,contact@hyderabadcom96.com,2019-06-09
supp_097,Rajasthan Traders Branch 28,India,contact@rajasthantra97.com,2020-02-23
supp_098,Gujarat Supply Chain Branch 29,India,contact@gujaratsuppl98.com,2016-08-08
supp_099,Punjab Exports Pvt Branch 30,India,contact@punjabexport99.com,2017-12-20
supp_100,UP Trading Company Branch 31,India,contact@uptradingcom100.com,2016-07-25
supp_101,Shenzhen Electronics Co,China,contact@shenzhenelec101.com,2017-10-07
supp_102,Guangzhou Trading Corp,China,contact@guangzhoutra102.com,2021-04-18
supp_103,Beijing Supply Ltd,China,contact@beijingsuppl103.com,2021-01-16
supp_104,Shanghai Exports Inc,China,contact@shanghaiexpo104.com,2017-12-12
supp_105,Yiwu Wholesale Market,China,contact@yiwuwholesal105.com,2021-07-22
supp_106,Dongguan Manufacturing,China,contact@dongguanmanu106.com,2019-10-21
supp_107,Hangzhou Commerce Co,China,contact@hangzhoucomm107.com,2021-07-18
supp_108,Fujian Import Export,China,contact@fujianimport108.com,2019-06-24
supp_109,Chengdu Trade House,China,contact@chengdutrade109.com,2019-01-22
supp_110,Wenzhou Supplies Ltd,China,contact@wenzhousuppl110.com,2017-06-17
supp_111,Shenzhen Electronics Co Branch 2,China,contact@shenzhenelec111.com,2016-07-20
supp_112,Guangzhou Trading Corp Branch 3,China,contact@guangzhoutra112.com,2020-09-18
supp_113,Beijing Supply Ltd Branch 4,China,contact@beijingsuppl113.com,2020-07-14
supp_114,Shanghai Exports Inc Branch 5,China,contact@shanghaiexpo114.com,2016-01-08
supp_115,Yiwu Wholesale Market Branch 6,China,contact@yiwuwholesal115.com,2015-07-12
supp_116,Dongguan Manufacturing Branch 7,China,contact@dongguanmanu116.com,2016-03-25
supp_117,Hangzhou Commerce Co Branch 8,China,contact@hangzhoucomm117.com,2016-09-18
supp_118,Fujian Import Export Branch 9,China,contact@fujianimport118.com,2016-10-17
supp_119,Chengdu Trade House Branch 10,China,contact@chengdutrade119.com,2019-09-26
supp_120,Wenzhou Supplies Ltd Branch 11,China,contact@wenzhousuppl120.com,2021-09-08
supp_121,Shenzhen Electronics Co Branch 12,China,contact@shenzhenelec121.com,2015-09-18
supp_122,Guangzhou Trading Corp Branch 13,China,contact@guangzhoutra122.com,2019-04-26
supp_123,Beijing Supply Ltd Branch 14,China,contact@beijingsuppl123.com,2019-04-13
supp_124,Shanghai Exports Inc Branch 15,China,contact@shanghaiexpo124.com,2021-09-06
supp_125,Yiwu Wholesale Market Branch 16,China,contact@yiwuwholesal125.com,2020-04-01
supp_126,Dongguan Manufacturing Branch 17,China,contact@dongguanmanu126.com,2020-12-07
supp_127,Hangzhou Commerce Co Branch 18,China,contact@hangzhoucomm127.com,2017-10-26
supp_128,Fujian Import Export Branch 19,China,contact@fujianimport128.com,2021-03-16
supp_129,Chengdu Trade House Branch 20,China,contact@chengdutrade129.com,2015-02-17
supp_130,Wenzhou Supplies Ltd Branch 21,China,contact@wenzhousuppl130.com,2016-04-14
supp_131,Shenzhen Electronics Co Branch 22,China,contact@shenzhenelec131.com,2021-01-08
supp_132,Guangzhou Trading Corp Branch 23,China,contact@guangzhoutra132.com,2017-12-28
supp_133,Beijing Supply Ltd Branch 24,China,contact@beijingsuppl133.com,2018-10-25
supp_134,Shanghai Exports Inc Branch 25,China,contact@shanghaiexpo134.com,2016-04-01
supp_135,Yiwu Wholesale Market Branch 26,China,contact@yiwuwholesal135.com,2018-04-17
supp_136,Dongguan Manufacturing Branch 27,China,contact@dongguanmanu136.com,2019-11-16
supp_137,Hangzhou Commerce Co Branch 28,China,contact@hangzhoucomm137.com,2016-10-09
supp_138,Fujian Import Export Branch 29,China,contact@fujianimport138.com,2020-02-02
supp_139,Chengdu Trade House Branch 30,China,contact@chengdutrade139.com,2015-01-14
supp_140,Wenzhou Supplies Ltd Branch 31,China,contact@wenzhousuppl140.com,2017-12-14
supp_141,Shenzhen Electronics Co Branch 32,China,contact@shenzhenelec141.com,2020-08-12
supp_142,Guangzhou Trading Corp Branch 33,China,contact@guangzhoutra142.com,2017-01-01
supp_143,Beijing Supply Ltd Branch 34,China,contact@beijingsuppl143.com,2020-09-10
supp_144,Shanghai Exports Inc Branch 35,China,contact@shanghaiexpo144.com,2016-03-11
supp_145,Yiwu Wholesale Market Branch 36,China,contact@yiwuwholesal145.com,2018-05-07
supp_146,Dongguan Manufacturing Branch 37,China,contact@dongguanmanu146.com,2020-09-10
supp_147,Hangzhou Commerce Co Branch 38,China,contact@hangzhoucomm147.com,2021-10-30
supp_148,Fujian Import Export Branch 39,China,contact@fujianimport148.com,2017-03-25
supp_149,Chengdu Trade House Branch 40,China,contact@chengdutrade149.com,2016-09-18
supp_150,Wenzhou Supplies Ltd Branch 41,China,contact@wenzhousuppl150.com,2019-03-12
supp_151,Dhaka Garments Export,Bangladesh,contact@dhakagarment151.com,2016-10-23
supp_152,Chittagong Suppliers,Bangladesh,contact@chittagongsu152.com,2021-01-18
supp_153,Bangladesh Trading House,Bangladesh,contact@bangladeshtr153.com,2020-12-12
supp_154,Sylhet Commerce Co,Bangladesh,contact@sylhetcommer154.com,2015-01-03
supp_155,Rajshahi Import Export,Bangladesh,contact@rajshahiimpo155.com,2021-09-19
supp_156,Dhaka Garments Export Branch 2,Bangladesh,contact@dhakagarment156.com,2018-08-20
supp_157,Chittagong Suppliers Branch 3,Bangladesh,contact@chittagongsu157.com,2020-06-24
supp_158,Bangladesh Trading House Branch 4,Bangladesh,contact@bangladeshtr158.com,2015-03-21
supp_159,Sylhet Commerce Co Branch 5,Bangladesh,contact@sylhetcommer159.com,2016-04-03
supp_160,Rajshahi Import Export Branch 6,Bangladesh,contact@rajshahiimpo160.com,2019-01-26
supp_161,Dhaka Garments Export Branch 7,Bangladesh,contact@dhakagarment161.com,2018-06-13
supp_162,Chittagong Suppliers Branch 8,Bangladesh,contact@chittagongsu162.com,2017-09-07
supp_163,Bangladesh Trading House Branch 9,Bangladesh,contact@bangladeshtr163.com,2015-08-26
supp_164,Sylhet Commerce Co Branch 10,Bangladesh,contact@sylhetcommer164.com,2017-09-13
supp_165,Rajshahi Import Export Branch 11,Bangladesh,contact@rajshahiimpo165.com,2021-05-12
supp_166,Dhaka Garments Export Branch 12,Bangladesh,contact@dhakagarment166.com,2015-11-19
supp_167,Chittagong Suppliers Branch 13,Bangladesh,contact@chittagongsu167.com,2015-12-17
supp_168,Bangladesh Trading House Branch 14,Bangladesh,contact@bangladeshtr168.com,2020-06-13
supp_169,Sylhet Commerce Co Branch 15,Bangladesh,contact@sylhetcommer169.com,2015-10-11
supp_170,Rajshahi Import Export Branch 16,Bangladesh,contact@rajshahiimpo170.com,2020-12-21
supp_171,Dhaka Garments Export Branch 17,Bangladesh,contact@dhakagarment171.com,2016-05-30
supp_172,Chittagong Suppliers Branch 18,Bangladesh,contact@chittagongsu172.com,2016-06-09
supp_173,Bangladesh Trading House Branch 19,Bangladesh,contact@bangladeshtr173.com,2020-04-30
supp_174,Sylhet Commerce Co Branch 20,Bangladesh,contact@sylhetcommer174.com,2021-03-01
supp_175,Rajshahi Import Export Branch 21,Bangladesh,contact@rajshahiimpo175.com,2016-11-07
supp_176,Dubai Wholesale Hub,UAE,contact@dubaiwholesa176.com,2017-12-21
supp_177,Abu Dhabi Trading Corp,UAE,contact@abudhabitrad177.com,2020-12-01
supp_178,Sharjah Supply Chain,UAE,contact@sharjahsuppl178.com,2021-10-20
supp_179,Emirates Commerce Ltd,UAE,contact@emiratescomm179.com,2019-09-30
supp_180,Gulf Trading House,UAE,contact@gulftradingh180.com,2017-05-17
supp_181,Dubai Wholesale Hub Branch 2,UAE,contact@dubaiwholesa181.com,2021-01-17
supp_182,Abu Dhabi Trading Corp Branch 3,UAE,contact@abudhabitrad182.com,2017-04-03
supp_183,Sharjah Supply Chain Branch 4,UAE,contact@sharjahsuppl183.com,2018-06-30
supp_184,Emirates Commerce Ltd Branch 5,UAE,contact@emiratescomm184.com,2019-06-23
supp_185,Gulf Trading House Branch 6,UAE,contact@gulftradingh185.com,2019-03-10
supp_186,Dubai Wholesale Hub Branch 7,UAE,contact@dubaiwholesa186.com,2019-11-30
supp_187,Abu Dhabi Trading Corp Branch 8,UAE,contact@abudhabitrad187.com,2020-10-20
supp_188,Sharjah Supply Chain Branch 9,UAE,contact@sharjahsuppl188.com,2020-01-24
supp_189,Emirates Commerce Ltd Branch 10,UAE,contact@emiratescomm189.com,2016-05-10
supp_190,Gulf Trading House Branch 11,UAE,contact@gulftradingh190.com,2017-10-12
supp_191,Dubai Wholesale Hub Branch 12,UAE,contact@dubaiwholesa191.com,2017-07-09
supp_192,Abu Dhabi Trading Corp Branch 13,UAE,contact@abudhabitrad192.com,2015-09-20
supp_193,Sharjah Supply Chain Branch 14,UAE,contact@sharjahsuppl193.com,2018-10-16
supp_194,Emirates Commerce Ltd Branch 15,UAE,contact@emiratescomm194.com,2015-03-28
supp_195,Gulf Trading House Branch 16,UAE,contact@gulftradingh195.com,2021-08-06
supp_196,Dubai Wholesale Hub Branch 17,UAE,contact@dubaiwholesa196.com,2021-03-18
supp_197,Abu Dhabi Trading Corp Branch 18,UAE,contact@abudhabitrad197.com,2017-07-31
supp_198,Sharjah Supply Chain Branch 19,UAE,contact@sharjahsuppl198.com,2021-08-07
supp_199,Emirates Commerce Ltd Branch 20,UAE,contact@emiratescomm199.com,2017-06-21
supp_200,Gulf Trading House Branch 21,UAE,contact@gulftradingh200.com,2015-01-30
